{"count":1,"self":102038.5099776,"total":185487.22385369998,"children":{"InitializeActuators":{"count":1,"self":0.0019987,"total":0.0019987,"children":null},"InitializeSensors":{"count":1,"self":0.0029977,"total":0.0029977,"children":null},"AgentSendState":{"count":11236834,"self":2510.870528,"total":8200.4262043999988,"children":{"CollectObservations":{"count":11236834,"self":71.898624,"total":71.8986221,"children":null},"WriteActionMask":{"count":11236834,"self":24.4712016,"total":24.4712009,"children":null},"RequestDecision":{"count":11236834,"self":92.7473152,"total":5593.1858005999993,"children":{"AgentInfo.ToProto":{"count":11236834,"self":111.3067904,"total":5500.4384861,"children":{"GenerateSensorData":{"count":11236834,"self":5343.0050815999994,"total":5389.1317,"children":{"RayPerceptionSensor.Perceive":{"count":11236834,"self":46.126569599999996,"total":46.1265682,"children":null}}}}}}}}},"DecideAction":{"count":11236834,"self":75145.7861632,"total":75145.7854412,"children":null},"AgentAct":{"count":11236834,"self":99.352384,"total":101.77390059999999,"children":{"AgentInfo.ToProto":{"count":4600,"self":0.0484779,"total":2.4215169999999997,"children":{"GenerateSensorData":{"count":4600,"self":2.3520545999999998,"total":2.3730390999999997,"children":{"RayPerceptionSensor.Perceive":{"count":4600,"self":0.0209845,"total":0.0209845,"children":null}}}}}}},"AgentInfo.ToProto":{"count":1952,"self":0.0169835,"total":0.7211858,"children":{"GenerateSensorData":{"count":1952,"self":0.6972109,"total":0.7042023,"children":{"RayPerceptionSensor.Perceive":{"count":1952,"self":0.0069914,"total":0.0069914,"children":null}}}}}},"gauges":{"Snake.CumulativeReward":{"count":6552,"max":4.902415,"min":-5.10350466,"runningAverage":0.4412168,"value":1.66618335,"weightedAverage":1.702943}},"metadata":{"timer_format_version":"0.1.0","start_time_seconds":"1709324225","unity_version":"2022.3.20f1","command_line_arguments":"C:\\Program Files\\Unity\\Hub\\Editor\\2022.3.20f1\\Editor\\Unity.exe -projectpath C:\\Users\\sjful\\Downloads\\GrantHub\\senior_design\\Snake -useHub -hubIPC -cloudEnvironment production -licensingIpc LicenseClient-sjful -hubSessionId a4c33d59-5c23-48c2-b5f1-7827c25f1542 -accessToken i10VF3BLzVaDhY-z4L-V18_RQmB-rK_eMTJ7FI9ikmM002f","communication_protocol_version":"1.5.0","com.unity.ml-agents_version":"2.0.1","scene_name":"SampleScene","end_time_seconds":"1709509712"}}