{"count":1,"self":9979.9752704,"total":92229.7063328,"children":{"InitializeActuators":{"count":1,"self":0.0019986,"total":0.0019986,"children":null},"InitializeSensors":{"count":1,"self":0.0030026,"total":0.0030026,"children":null},"AgentSendState":{"count":10271634,"self":2315.9605248,"total":7687.5253125,"children":{"CollectObservations":{"count":10271634,"self":64.8281344,"total":64.828133,"children":null},"WriteActionMask":{"count":10271634,"self":22.1259648,"total":22.125964099999997,"children":null},"RequestDecision":{"count":10271634,"self":93.7692416,"total":5284.6107868,"children":{"AgentInfo.ToProto":{"count":10271634,"self":108.4860288,"total":5190.8415475,"children":{"GenerateSensorData":{"count":10271634,"self":5038.3331327999995,"total":5082.3555160999995,"children":{"RayPerceptionSensor.Perceive":{"count":10271634,"self":44.022422399999996,"total":44.022421699999995,"children":null}}}}}}}}},"DecideAction":{"count":10271634,"self":74465.345536,"total":74465.3468893,"children":null},"AgentAct":{"count":10271634,"self":93.3487488,"total":95.562524799999991,"children":{"AgentInfo.ToProto":{"count":4146,"self":0.053003999999999996,"total":2.2137746,"children":{"GenerateSensorData":{"count":4146,"self":2.138778,"total":2.1607705999999998,"children":{"RayPerceptionSensor.Perceive":{"count":4146,"self":0.021992499999999998,"total":0.021992499999999998,"children":null}}}}}}},"AgentInfo.ToProto":{"count":3082,"self":0.0369771,"total":1.2861909,"children":{"GenerateSensorData":{"count":3082,"self":1.2302241,"total":1.2492138,"children":{"RayPerceptionSensor.Perceive":{"count":3082,"self":0.018989699999999998,"total":0.018989699999999998,"children":null}}}}}},"gauges":{"Snake.CumulativeReward":{"count":7228,"max":19.30045,"min":-15.8873167,"runningAverage":4.374354,"value":-7.03674126,"weightedAverage":4.035559}},"metadata":{"timer_format_version":"0.1.0","start_time_seconds":"1710703770","unity_version":"2022.3.20f1","command_line_arguments":"C:\\Program Files\\Unity\\Hub\\Editor\\2022.3.20f1\\Editor\\Unity.exe -projectpath C:\\Users\\sjful\\Downloads\\GrantHub\\senior_design\\Snake -useHub -hubIPC -cloudEnvironment production -licensingIpc LicenseClient-sjful -hubSessionId a4c33d59-5c23-48c2-b5f1-7827c25f1542 -accessToken dGV1SkpuFF5YhCi-6cOIasAVNytIUAzg_6cgQDkwQ5o002f","communication_protocol_version":"1.5.0","com.unity.ml-agents_version":"2.0.1","scene_name":"SampleScene","end_time_seconds":"1710795999"}}